Forecast Id,Year Month,Product Id,Product Name,Actual Revenue,Actual Cost,Actual Margin,Forecasted Revenue,Forecasted Cost,Forecasted Margin,Confidence Score,Forecast Date,Trend Factor
FM000001,2020-01,P1002,Melatonin,1675.73,831.6,844.13,1587.42,825.97,761.45,0.94,2025-08-22,0.947
FM000002,2020-01,P1005,Ashwagandha,2816.91,1710.86,1106.05,2523.35,1815.68,707.67,0.89,2025-08-22,0.896
FM000003,2020-01,P1006,Vitamin D,1315.22,828.06,487.16,1496.41,704.62,791.79,0.85,2025-08-22,1.138
FM000004,2020-01,P1008,Ibuprofen,1254.53,882.7,371.83,1369.14,888.19,480.95,0.9,2025-08-22,1.091
FM000005,2020-02,P1002,Melatonin,1345.67,672.21,673.46,1632.5,790.36,842.14,0.78,2025-08-22,1.213
FM000006,2020-02,P1005,Ashwagandha,2579.15,1567.2,1011.95,2584.96,1616.39,968.57,0.99,2025-08-22,1.002
FM000007,2020-02,P1006,Vitamin D,1015.4,641.56,373.84,1119.72,644.11,475.61,0.89,2025-08-22,1.103
FM000008,2020-02,P1008,Ibuprofen,946.38,665.42,280.96,1090.3,547.2,543.1,0.84,2025-08-22,1.152
FM000009,2020-03,P1002,Melatonin,1717.13,852.39,864.74,2172.62,869.04,1303.58,0.72,2025-08-22,1.265
FM000010,2020-03,P1005,Ashwagandha,2906.53,1776.16,1130.37,2650.31,1783.84,866.47,0.9,2025-08-22,0.912
FM000011,2020-03,P1006,Vitamin D,1429.99,902.66,527.33,1568.22,1062.28,505.94,0.89,2025-08-22,1.097
FM000012,2020-03,P1008,Ibuprofen,1199.66,841.96,357.7,1214.43,903.15,311.28,0.98,2025-08-22,1.012
FM000013,2020-04,P1002,Melatonin,1718.98,852.39,866.59,1583.45,768.5,814.95,0.91,2025-08-22,0.921
FM000014,2020-04,P1005,Ashwagandha,2166.87,1319.06,847.81,2533.84,1191.25,1342.59,0.82,2025-08-22,1.169
FM000015,2020-04,P1006,Vitamin D,1471.94,925.04,546.9,1547.12,1049.77,497.35,0.94,2025-08-22,1.051
FM000016,2020-04,P1008,Ibuprofen,1422.55,998.13,424.42,1412.35,1122.7,289.65,0.98,2025-08-22,0.993
FM000017,2020-05,P1002,Melatonin,978.7,485.1,493.6,953.72,442.27,511.45,0.96,2025-08-22,0.974
FM000018,2020-05,P1005,Ashwagandha,2745.03,1671.68,1073.35,2527.61,1507.0,1020.61,0.91,2025-08-22,0.921
FM000019,2020-05,P1006,Vitamin D,1229.84,775.84,454.0,1261.36,690.27,571.09,0.96,2025-08-22,1.026
FM000020,2020-05,P1008,Ibuprofen,1017.22,712.95,304.27,1058.53,764.04,294.49,0.95,2025-08-22,1.041
FM000021,2020-06,P1002,Melatonin,840.53,415.8,424.73,844.76,449.54,395.22,0.98,2025-08-22,1.005
FM000022,2020-06,P1005,Ashwagandha,2116.43,1292.94,823.49,2307.46,1177.86,1129.6,0.9,2025-08-22,1.09
FM000023,2020-06,P1006,Vitamin D,1300.29,820.6,479.69,1290.62,787.92,502.7,0.98,2025-08-22,0.993
FM000024,2020-06,P1008,Ibuprofen,1083.05,760.48,322.57,1068.95,673.32,395.63,0.98,2025-08-22,0.987
FM000025,2020-07,P1002,Melatonin,1120.61,554.4,566.21,1126.98,569.5,557.48,0.98,2025-08-22,1.006
FM000026,2020-07,P1005,Ashwagandha,3061.36,1854.52,1206.84,3377.41,1852.82,1524.59,0.89,2025-08-22,1.103
FM000027,2020-07,P1006,Vitamin D,1165.06,738.54,426.52,1182.17,753.09,429.08,0.98,2025-08-22,1.015
FM000028,2020-07,P1008,Ibuprofen,1248.29,875.91,372.38,1430.79,838.12,592.67,0.84,2025-08-22,1.146
FM000029,2020-08,P1000,Minoxidil,755.35,541.08,214.27,695.02,516.04,178.98,0.91,2025-08-22,0.92
FM000030,2020-08,P1001,Finasteride,1173.24,807.03,366.21,1163.68,781.66,382.02,0.98,2025-08-22,0.992
FM000031,2020-08,P1002,Melatonin,1409.66,699.93,709.73,1356.73,687.37,669.36,0.95,2025-08-22,0.962
FM000032,2020-08,P1003,Sertraline,1163.81,736.32,427.49,1056.73,733.86,322.87,0.9,2025-08-22,0.908
FM000033,2020-08,P1004,Tretinoin,1025.78,697.6,328.18,995.37,783.45,211.92,0.96,2025-08-22,0.97
FM000034,2020-08,P1005,Ashwagandha,2020.95,1227.64,793.31,2530.85,1362.57,1168.28,0.74,2025-08-22,1.252
FM000035,2020-08,P1006,Vitamin D,1553.12,977.26,575.86,1838.94,886.69,952.25,0.81,2025-08-22,1.184
FM000036,2020-08,P1007,Hydroxyzine,640.58,472.42,168.16,707.07,503.01,204.06,0.89,2025-08-22,1.104
FM000037,2020-08,P1008,Ibuprofen,860.41,604.31,256.1,820.99,675.79,145.2,0.94,2025-08-22,0.954
FM000038,2020-09,P1000,Minoxidil,2856.4,2044.08,812.32,3055.26,2080.23,975.03,0.92,2025-08-22,1.07
FM000039,2020-09,P1001,Finasteride,4149.33,2899.33,1250.0,3972.23,2643.44,1328.79,0.95,2025-08-22,0.957
FM000040,2020-09,P1002,Melatonin,1345.24,665.28,679.96,1614.65,612.96,1001.69,0.79,2025-08-22,1.2
FM000041,2020-09,P1003,Sertraline,4697.07,2975.96,1721.11,4300.59,2893.73,1406.86,0.91,2025-08-22,0.916
FM000042,2020-09,P1004,Tretinoin,3143.44,2136.4,1007.04,2748.96,2112.92,636.04,0.86,2025-08-22,0.875
FM000043,2020-09,P1005,Ashwagandha,2317.26,1410.48,906.78,2509.09,1514.59,994.5,0.91,2025-08-22,1.083
FM000044,2020-09,P1006,Vitamin D,977.37,619.18,358.19,813.2,631.96,181.24,0.82,2025-08-22,0.832
FM000045,2020-09,P1007,Hydroxyzine,2502.28,1835.17,667.11,2623.21,2067.4,555.81,0.94,2025-08-22,1.048
FM000046,2020-09,P1008,Ibuprofen,1042.27,733.32,308.95,891.46,719.82,171.64,0.85,2025-08-22,0.855
FM000047,2020-10,P1000,Minoxidil,3108.54,2224.44,884.1,3350.1,2378.25,971.85,0.91,2025-08-22,1.078
FM000048,2020-10,P1001,Finasteride,5504.67,3825.92,1678.75,5873.81,3295.54,2578.27,0.92,2025-08-22,1.067
FM000049,2020-10,P1002,Melatonin,1759.85,873.18,886.67,1985.47,879.55,1105.92,0.86,2025-08-22,1.128
FM000050,2020-10,P1003,Sertraline,5162.39,3282.76,1879.63,4831.42,3256.15,1575.27,0.93,2025-08-22,0.936
FM000051,2020-10,P1004,Tretinoin,3084.7,2092.8,991.9,3286.34,2187.29,1099.05,0.92,2025-08-22,1.065
FM000052,2020-10,P1005,Ashwagandha,2316.41,1410.48,905.93,2390.98,1553.04,837.94,0.96,2025-08-22,1.032
FM000053,2020-10,P1006,Vitamin D,1642.19,1036.94,605.25,1963.41,1006.38,957.03,0.79,2025-08-22,1.196
FM000054,2020-10,P1007,Hydroxyzine,3353.27,2471.12,882.15,3561.37,2142.76,1418.61,0.93,2025-08-22,1.062
FM000055,2020-10,P1008,Ibuprofen,1146.76,801.22,345.54,1047.63,868.65,178.98,0.9,2025-08-22,0.914
FM000056,2020-11,P1000,Minoxidil,3106.72,2224.44,882.28,3370.82,2070.49,1300.33,0.9,2025-08-22,1.085
FM000057,2020-11,P1001,Finasteride,3819.42,2660.21,1159.21,3937.59,2720.21,1217.38,0.96,2025-08-22,1.031
FM000058,2020-11,P1002,Melatonin,1142.47,568.26,574.21,1081.13,559.66,521.47,0.94,2025-08-22,0.946
FM000059,2020-11,P1003,Sertraline,6401.6,4049.76,2351.84,6011.0,4486.22,1524.78,0.93,2025-08-22,0.939
FM000060,2020-11,P1004,Tretinoin,2643.38,1787.6,855.78,2523.36,1731.49,791.87,0.94,2025-08-22,0.955
FM000061,2020-11,P1005,Ashwagandha,2491.91,1514.96,976.95,2205.87,1532.02,673.85,0.88,2025-08-22,0.885
FM000062,2020-11,P1006,Vitamin D,1606.39,1014.56,591.83,1701.35,989.52,711.83,0.93,2025-08-22,1.059
FM000063,2020-11,P1007,Hydroxyzine,2422.8,1780.66,642.14,2008.95,1824.49,184.46,0.82,2025-08-22,0.829
FM000064,2020-11,P1008,Ibuprofen,733.05,516.04,217.01,823.35,524.6,298.75,0.87,2025-08-22,1.123
FM000065,2020-12,P1000,Minoxidil,2572.28,1843.68,728.6,2816.65,1837.7,978.95,0.89,2025-08-22,1.095
FM000066,2020-12,P1001,Finasteride,5587.05,3885.7,1701.35,4448.45,3993.3,455.15,0.79,2025-08-22,0.796
FM000067,2020-12,P1002,Melatonin,1758.52,873.18,885.34,1759.97,831.86,928.11,0.99,2025-08-22,1.001
FM000068,2020-12,P1003,Sertraline,3933.46,2485.08,1448.38,3303.71,2927.15,376.56,0.83,2025-08-22,0.84
FM000069,2020-12,P1004,Tretinoin,3554.02,2398.0,1156.02,3819.84,2062.4,1757.44,0.92,2025-08-22,1.075
FM000070,2020-12,P1005,Ashwagandha,2421.37,1462.72,958.65,1975.69,1269.56,706.13,0.81,2025-08-22,0.816
FM000071,2020-12,P1006,Vitamin D,1254.39,790.76,463.63,1216.17,802.54,413.63,0.96,2025-08-22,0.97
FM000072,2020-12,P1007,Hydroxyzine,2772.5,2035.04,737.46,2580.92,1781.39,799.53,0.92,2025-08-22,0.931
FM000073,2020-12,P1008,Ibuprofen,1107.61,780.85,326.76,1223.17,831.92,391.25,0.89,2025-08-22,1.104
FM000074,2021-01,P1000,Minoxidil,2433.24,1743.48,689.76,2434.13,1718.53,715.6,0.99,2025-08-22,1.0
FM000075,2021-01,P1001,Finasteride,4234.27,2959.11,1275.16,4568.85,3085.17,1483.68,0.91,2025-08-22,1.079
FM000076,2021-01,P1002,Melatonin,1276.87,630.63,646.24,1321.88,593.73,728.15,0.95,2025-08-22,1.035
FM000077,2021-01,P1003,Sertraline,5815.47,3681.6,2133.87,6291.43,3598.23,2693.2,0.91,2025-08-22,1.082
FM000078,2021-01,P1004,Tretinoin,2952.63,2005.6,947.03,3074.92,1755.2,1319.72,0.95,2025-08-22,1.041
FM000079,2021-01,P1005,Ashwagandha,2533.45,1541.08,992.37,2150.93,1708.31,442.62,0.84,2025-08-22,0.849
FM000080,2021-01,P1006,Vitamin D,1432.64,902.66,529.98,1366.64,929.7,436.94,0.94,2025-08-22,0.954
FM000081,2021-01,P1007,Hydroxyzine,2529.35,1853.34,676.01,2674.99,1752.95,922.04,0.93,2025-08-22,1.058
FM000082,2021-01,P1008,Ibuprofen,918.71,645.05,273.66,879.25,600.41,278.84,0.95,2025-08-22,0.957
FM000083,2021-02,P1000,Minoxidil,2304.76,1663.32,641.44,1969.87,1839.64,130.23,0.84,2025-08-22,0.855
FM000084,2021-02,P1001,Finasteride,4745.21,3287.9,1457.31,4220.78,3509.25,711.53,0.88,2025-08-22,0.889
FM000085,2021-02,P1002,Melatonin,1116.79,554.4,562.39,1205.07,560.53,644.54,0.91,2025-08-22,1.079
FM000086,2021-02,P1003,Sertraline,4150.22,2638.48,1511.74,3638.26,2823.49,814.77,0.87,2025-08-22,0.877
FM000087,2021-02,P1004,Tretinoin,2314.32,1569.6,744.72,2168.96,1467.67,701.29,0.93,2025-08-22,0.937
FM000088,2021-02,P1005,Ashwagandha,2196.95,1332.12,864.83,2571.22,1341.39,1229.83,0.82,2025-08-22,1.17
FM000089,2021-02,P1006,Vitamin D,1361.67,857.9,503.77,1262.66,903.74,358.92,0.92,2025-08-22,0.927
FM000090,2021-02,P1007,Hydroxyzine,2380.54,1762.49,618.05,2329.35,1753.14,576.21,0.97,2025-08-22,0.978
FM000091,2021-02,P1008,Ibuprofen,737.89,516.04,221.85,760.09,551.07,209.02,0.96,2025-08-22,1.03
FM000092,2021-03,P1000,Minoxidil,3661.4,2625.24,1036.16,4223.73,2596.17,1627.56,0.84,2025-08-22,1.154
FM000093,2021-03,P1001,Finasteride,3791.55,2630.32,1161.23,3807.89,2560.72,1247.17,0.99,2025-08-22,1.004
FM000094,2021-03,P1002,Melatonin,1504.56,748.44,756.12,1547.07,838.15,708.92,0.96,2025-08-22,1.028
FM000095,2021-03,P1003,Sertraline,5090.94,3221.4,1869.54,5498.14,3347.36,2150.78,0.91,2025-08-22,1.08
FM000096,2021-03,P1004,Tretinoin,3943.52,2681.4,1262.12,4347.26,2980.51,1366.75,0.89,2025-08-22,1.102
FM000097,2021-03,P1005,Ashwagandha,2195.01,1332.12,862.89,2605.51,1303.29,1302.22,0.8,2025-08-22,1.187
FM000098,2021-03,P1006,Vitamin D,1382.36,872.82,509.54,1440.6,870.07,570.53,0.95,2025-08-22,1.042
FM000099,2021-03,P1007,Hydroxyzine,2837.64,2089.55,748.09,2873.91,2060.82,813.09,0.98,2025-08-22,1.013
FM000100,2021-03,P1008,Ibuprofen,1042.61,733.32,309.29,936.13,802.44,133.69,0.89,2025-08-22,0.898
FM000101,2021-04,P1000,Minoxidil,2659.39,1903.8,755.59,2715.42,2066.44,648.98,0.97,2025-08-22,1.021
FM000102,2021-04,P1001,Finasteride,4686.24,3258.01,1428.23,5228.17,3473.29,1754.88,0.87,2025-08-22,1.116
FM000103,2021-04,P1002,Melatonin,1047.88,519.75,528.13,1040.09,500.29,539.8,0.98,2025-08-22,0.993
FM000104,2021-04,P1003,Sertraline,4648.63,2945.28,1703.35,5057.9,2593.6,2464.3,0.9,2025-08-22,1.088
FM000105,2021-04,P1004,Tretinoin,3982.58,2703.2,1279.38,3947.89,2652.9,1294.99,0.98,2025-08-22,0.991
FM000106,2021-04,P1005,Ashwagandha,1876.28,1136.22,740.06,1714.77,1316.12,398.65,0.9,2025-08-22,0.914
FM000107,2021-04,P1006,Vitamin D,1541.98,969.8,572.18,1745.65,865.95,879.7,0.86,2025-08-22,1.132
FM000108,2021-04,P1007,Hydroxyzine,2753.68,2016.87,736.81,2800.4,1978.39,822.01,0.97,2025-08-22,1.017
FM000109,2021-04,P1008,Ibuprofen,1133.64,794.43,339.21,1203.59,890.11,313.48,0.93,2025-08-22,1.062
FM000110,2021-05,P1000,Minoxidil,2288.96,1643.28,645.68,2409.47,1646.27,763.2,0.94,2025-08-22,1.053
FM000111,2021-05,P1001,Finasteride,3494.94,2421.09,1073.85,2992.46,2675.3,317.16,0.85,2025-08-22,0.856
FM000112,2021-05,P1002,Melatonin,1161.92,582.12,579.8,1266.49,611.9,654.59,0.9,2025-08-22,1.09
FM000113,2021-05,P1003,Sertraline,4849.03,3068.0,1781.03,4765.66,3564.9,1200.76,0.97,2025-08-22,0.983
FM000114,2021-05,P1004,Tretinoin,3244.47,2201.8,1042.67,3385.6,2221.35,1164.25,0.95,2025-08-22,1.043
FM000115,2021-05,P1005,Ashwagandha,1939.52,1175.4,764.12,1944.64,1259.41,685.23,0.99,2025-08-22,1.003
FM000116,2021-05,P1006,Vitamin D,1320.59,835.52,485.07,1339.47,795.36,544.11,0.98,2025-08-22,1.014
FM000117,2021-05,P1007,Hydroxyzine,2292.87,1689.81,603.06,2447.87,1464.49,983.38,0.92,2025-08-22,1.068
FM000118,2021-05,P1008,Ibuprofen,1207.4,848.75,358.65,1326.26,1015.77,310.49,0.89,2025-08-22,1.098
FM000119,2021-06,P1000,Minoxidil,3294.14,2364.72,929.42,3648.33,2478.0,1170.33,0.88,2025-08-22,1.108
FM000120,2021-06,P1001,Finasteride,3731.06,2600.43,1130.63,3908.15,2644.92,1263.23,0.94,2025-08-22,1.047
FM000121,2021-06,P1002,Melatonin,1806.64,893.97,912.67,2043.53,921.73,1121.8,0.86,2025-08-22,1.131
FM000122,2021-06,P1003,Sertraline,4524.92,2883.92,1641.0,4392.01,3097.27,1294.74,0.96,2025-08-22,0.971
FM000123,2021-06,P1004,Tretinoin,3488.19,2354.4,1133.79,3913.43,2391.26,1522.17,0.87,2025-08-22,1.122
FM000124,2021-06,P1005,Ashwagandha,1765.28,1070.92,694.36,1654.7,1045.98,608.72,0.93,2025-08-22,0.937
FM000125,2021-06,P1006,Vitamin D,1099.98,693.78,406.2,1167.57,642.77,524.8,0.93,2025-08-22,1.061
FM000126,2021-06,P1007,Hydroxyzine,2298.7,1689.81,608.89,2881.9,1674.48,1207.42,0.74,2025-08-22,1.254
FM000127,2021-06,P1008,Ibuprofen,1158.19,814.8,343.39,1252.04,756.12,495.92,0.91,2025-08-22,1.081
FM000128,2021-07,P1000,Minoxidil,2761.26,1983.96,777.3,2859.06,1827.66,1031.4,0.95,2025-08-22,1.035
FM000129,2021-07,P1001,Finasteride,4768.18,3317.79,1450.39,4473.2,3169.67,1303.53,0.93,2025-08-22,0.938
FM000130,2021-07,P1002,Melatonin,1781.26,887.04,894.22,1795.24,878.93,916.31,0.98,2025-08-22,1.008
FM000131,2021-07,P1003,Sertraline,4387.39,2791.88,1595.51,5178.18,3175.85,2002.33,0.81,2025-08-22,1.18
FM000132,2021-07,P1004,Tretinoin,3998.43,2703.2,1295.23,3967.59,2604.33,1363.26,0.98,2025-08-22,0.992
FM000133,2021-07,P1005,Ashwagandha,2333.24,1423.54,909.7,2440.15,1321.78,1118.37,0.94,2025-08-22,1.046
FM000134,2021-07,P1006,Vitamin D,1066.43,671.4,395.03,1174.88,619.89,554.99,0.89,2025-08-22,1.102
FM000135,2021-07,P1007,Hydroxyzine,3282.54,2416.61,865.93,3937.0,2489.53,1447.47,0.79,2025-08-22,1.199
FM000136,2021-07,P1008,Ibuprofen,1128.62,794.43,334.19,1149.74,816.23,333.51,0.97,2025-08-22,1.019
FM000137,2021-08,P1000,Minoxidil,2764.4,1983.96,780.44,3051.52,1960.83,1090.69,0.89,2025-08-22,1.104
FM000138,2021-08,P1001,Finasteride,4243.24,2959.11,1284.13,4610.01,2891.1,1718.91,0.9,2025-08-22,1.086
FM000139,2021-08,P1002,Melatonin,1337.62,665.28,672.34,1495.39,652.18,843.21,0.87,2025-08-22,1.118
FM000140,2021-08,P1003,Sertraline,5037.2,3190.72,1846.48,4566.01,3230.25,1335.76,0.9,2025-08-22,0.906
FM000141,2021-08,P1004,Tretinoin,4846.93,3270.0,1576.93,3819.61,3419.9,399.71,0.78,2025-08-22,0.788
FM000142,2021-08,P1005,Ashwagandha,2434.91,1475.78,959.13,2683.66,1535.45,1148.21,0.89,2025-08-22,1.102
FM000143,2021-08,P1006,Vitamin D,1564.14,984.72,579.42,1675.46,1014.54,660.92,0.92,2025-08-22,1.071
FM000144,2021-08,P1007,Hydroxyzine,3248.34,2398.44,849.9,2960.39,2631.22,329.17,0.9,2025-08-22,0.911
FM000145,2021-08,P1008,Ibuprofen,1256.65,882.7,373.95,1144.25,867.16,277.09,0.9,2025-08-22,0.911
FM000146,2021-09,P1000,Minoxidil,3132.12,2244.48,887.64,3272.82,2364.67,908.15,0.95,2025-08-22,1.045
FM000147,2021-09,P1001,Finasteride,4517.44,3138.45,1378.99,5087.4,2941.75,2145.65,0.86,2025-08-22,1.126
FM000148,2021-09,P1002,Melatonin,1608.15,796.95,811.2,1535.06,744.01,791.05,0.94,2025-08-22,0.955
FM000149,2021-09,P1003,Sertraline,4859.27,3098.68,1760.59,5182.36,3262.53,1919.83,0.92,2025-08-22,1.066
FM000150,2021-09,P1004,Tretinoin,4451.97,3008.4,1443.57,4976.31,2765.12,2211.19,0.87,2025-08-22,1.118
FM000151,2021-09,P1005,Ashwagandha,2449.92,1488.84,961.08,2376.56,1768.24,608.32,0.96,2025-08-22,0.97
FM000152,2021-09,P1006,Vitamin D,1022.6,649.02,373.58,1012.27,732.01,280.26,0.98,2025-08-22,0.99
FM000153,2021-09,P1007,Hydroxyzine,2085.43,1526.28,559.15,2157.93,1450.15,707.78,0.96,2025-08-22,1.035
FM000154,2021-09,P1008,Ibuprofen,787.16,556.78,230.38,1003.9,520.78,483.12,0.71,2025-08-22,1.275
FM000155,2021-10,P1000,Minoxidil,2878.95,2064.12,814.83,2722.01,1900.87,821.14,0.94,2025-08-22,0.945
FM000156,2021-10,P1001,Finasteride,4208.55,2929.22,1279.33,4352.58,2627.5,1725.08,0.96,2025-08-22,1.034
FM000157,2021-10,P1002,Melatonin,1323.59,658.35,665.24,1464.25,763.55,700.7,0.88,2025-08-22,1.106
FM000158,2021-10,P1003,Sertraline,3730.57,2362.36,1368.21,3923.42,2629.39,1294.03,0.94,2025-08-22,1.052
FM000159,2021-10,P1004,Tretinoin,3162.37,2136.4,1025.97,3205.09,2311.15,893.94,0.98,2025-08-22,1.014
FM000160,2021-10,P1005,Ashwagandha,2233.53,1358.24,875.29,2022.41,1392.85,629.56,0.9,2025-08-22,0.905
FM000161,2021-10,P1006,Vitamin D,1193.09,753.46,439.63,1116.23,736.7,379.53,0.93,2025-08-22,0.936
FM000162,2021-10,P1007,Hydroxyzine,2446.19,1798.83,647.36,2663.41,2039.78,623.63,0.9,2025-08-22,1.089
FM000163,2021-10,P1008,Ibuprofen,1051.89,740.11,311.78,1069.93,802.96,266.97,0.97,2025-08-22,1.017
FM000164,2021-11,P1000,Minoxidil,2930.85,2104.2,826.65,3341.46,2062.73,1278.73,0.85,2025-08-22,1.14
FM000165,2021-11,P1001,Finasteride,4282.12,2989.0,1293.12,4549.34,3205.5,1343.84,0.93,2025-08-22,1.062
FM000166,2021-11,P1002,Melatonin,1241.64,616.77,624.87,1289.41,699.89,589.52,0.95,2025-08-22,1.038
FM000167,2021-11,P1003,Sertraline,4380.37,2761.2,1619.17,4275.34,3165.25,1110.09,0.97,2025-08-22,0.976
FM000168,2021-11,P1004,Tretinoin,2826.43,1918.4,908.03,2706.99,2002.2,704.79,0.95,2025-08-22,0.958
FM000169,2021-11,P1005,Ashwagandha,2228.7,1345.18,883.52,2306.19,1261.49,1044.7,0.96,2025-08-22,1.035
FM000170,2021-11,P1006,Vitamin D,1186.17,746.0,440.17,1358.26,788.18,570.08,0.84,2025-08-22,1.145
FM000171,2021-11,P1007,Hydroxyzine,2595.65,1907.85,687.8,2412.11,1642.5,769.61,0.92,2025-08-22,0.929
FM000172,2021-11,P1008,Ibuprofen,1098.22,774.06,324.16,1023.6,718.77,304.83,0.92,2025-08-22,0.932
FM000173,2021-12,P1000,Minoxidil,4324.0,3106.2,1217.8,3577.62,3460.61,117.01,0.82,2025-08-22,0.827
FM000174,2021-12,P1001,Finasteride,4337.42,3018.89,1318.53,3982.62,3280.97,701.65,0.91,2025-08-22,0.918
FM000175,2021-12,P1002,Melatonin,1666.5,824.67,841.83,1625.75,734.99,890.76,0.97,2025-08-22,0.976
FM000176,2021-12,P1003,Sertraline,4183.49,2669.16,1514.33,4226.96,2631.69,1595.27,0.98,2025-08-22,1.01
FM000177,2021-12,P1004,Tretinoin,2808.24,1896.6,911.64,3231.81,2055.39,1176.42,0.84,2025-08-22,1.151
FM000178,2021-12,P1005,Ashwagandha,1828.72,1110.1,718.62,1888.61,1231.65,656.96,0.96,2025-08-22,1.033
FM000179,2021-12,P1006,Vitamin D,1724.66,1089.16,635.5,1980.66,1033.35,947.31,0.84,2025-08-22,1.148
FM000180,2021-12,P1007,Hydroxyzine,3236.14,2380.27,855.87,2821.2,2594.69,226.51,0.86,2025-08-22,0.872
FM000181,2021-12,P1008,Ibuprofen,942.21,658.63,283.58,1028.55,678.63,349.92,0.9,2025-08-22,1.092
FM000182,2022-01,P1000,Minoxidil,3850.05,2765.52,1084.53,3858.49,2941.8,916.69,0.99,2025-08-22,1.002
FM000183,2022-01,P1001,Finasteride,5377.94,3736.25,1641.69,5681.79,3741.47,1940.32,0.93,2025-08-22,1.056
FM000184,2022-01,P1002,Melatonin,1844.12,914.76,929.36,1986.51,913.97,1072.54,0.91,2025-08-22,1.077
FM000185,2022-01,P1003,Sertraline,4831.35,3068.0,1763.35,4732.09,2549.31,2182.78,0.97,2025-08-22,0.979
FM000186,2022-01,P1004,Tretinoin,3530.3,2398.0,1132.3,4135.14,2337.06,1798.08,0.82,2025-08-22,1.171
FM000187,2022-01,P1005,Ashwagandha,2371.3,1436.6,934.7,2300.93,1476.53,824.4,0.96,2025-08-22,0.97
FM000188,2022-01,P1006,Vitamin D,1709.13,1081.7,627.43,1757.01,1122.32,634.69,0.96,2025-08-22,1.028
FM000189,2022-01,P1007,Hydroxyzine,2547.37,1871.51,675.86,2575.12,1827.84,747.28,0.98,2025-08-22,1.011
FM000190,2022-01,P1008,Ibuprofen,949.15,665.42,283.73,984.27,685.55,298.72,0.95,2025-08-22,1.037
FM000191,2022-02,P1000,Minoxidil,1776.23,1282.56,493.67,2001.43,1164.87,836.56,0.86,2025-08-22,1.127
FM000192,2022-02,P1001,Finasteride,3875.25,2690.1,1185.15,3852.89,2602.22,1250.67,0.98,2025-08-22,0.994
FM000193,2022-02,P1002,Melatonin,1621.32,803.88,817.44,1813.57,778.68,1034.89,0.87,2025-08-22,1.119
FM000194,2022-02,P1003,Sertraline,4299.45,2730.52,1568.93,4529.25,2567.98,1961.27,0.94,2025-08-22,1.053
FM000195,2022-02,P1004,Tretinoin,3520.95,2376.2,1144.75,3637.13,2459.06,1178.07,0.96,2025-08-22,1.033
FM000196,2022-02,P1005,Ashwagandha,1633.71,992.56,641.15,1307.89,1086.45,221.44,0.79,2025-08-22,0.801
FM000197,2022-02,P1006,Vitamin D,1195.36,753.46,441.9,1328.01,809.8,518.21,0.88,2025-08-22,1.111
FM000198,2022-02,P1007,Hydroxyzine,2132.68,1562.62,570.06,1985.02,1436.45,548.57,0.92,2025-08-22,0.931
FM000199,2022-02,P1008,Ibuprofen,763.2,536.41,226.79,705.94,538.85,167.09,0.91,2025-08-22,0.925
FM000200,2022-03,P1000,Minoxidil,3157.98,2264.52,893.46,3495.11,2323.74,1171.37,0.88,2025-08-22,1.107
FM000201,2022-03,P1001,Finasteride,3977.83,2779.77,1198.06,3864.81,2491.5,1373.31,0.96,2025-08-22,0.972
FM000202,2022-03,P1002,Melatonin,1617.96,803.88,814.08,1640.19,820.15,820.04,0.98,2025-08-22,1.014
FM000203,2022-03,P1003,Sertraline,4531.85,2883.92,1647.93,4787.51,2899.71,1887.8,0.93,2025-08-22,1.056
FM000204,2022-03,P1004,Tretinoin,3674.11,2485.2,1188.91,4372.64,2583.35,1789.29,0.8,2025-08-22,1.19
FM000205,2022-03,P1005,Ashwagandha,2303.15,1397.42,905.73,2148.37,1525.39,622.98,0.92,2025-08-22,0.933
FM000206,2022-03,P1006,Vitamin D,1186.96,746.0,440.96,1205.63,566.15,639.48,0.97,2025-08-22,1.016
FM000207,2022-03,P1007,Hydroxyzine,2590.64,1907.85,682.79,2739.57,1818.17,921.4,0.93,2025-08-22,1.057
FM000208,2022-03,P1008,Ibuprofen,1008.1,706.16,301.94,1233.55,751.57,481.98,0.77,2025-08-22,1.224
FM000209,2022-04,P1000,Minoxidil,2930.98,2104.2,826.78,2779.64,1957.24,822.4,0.94,2025-08-22,0.948
FM000210,2022-04,P1001,Finasteride,3561.06,2480.87,1080.19,4681.55,2720.15,1961.4,0.68,2025-08-22,1.315
FM000211,2022-04,P1002,Melatonin,1070.88,533.61,537.27,1304.89,503.11,801.78,0.77,2025-08-22,1.219
FM000212,2022-04,P1003,Sertraline,4401.67,2791.88,1609.79,4382.8,2998.42,1384.38,0.99,2025-08-22,0.996
FM000213,2022-04,P1004,Tretinoin,3226.5,2180.0,1046.5,3304.82,2154.03,1150.79,0.97,2025-08-22,1.024
FM000214,2022-04,P1005,Ashwagandha,2728.4,1658.62,1069.78,2983.43,1639.07,1344.36,0.9,2025-08-22,1.093
FM000215,2022-04,P1006,Vitamin D,767.42,484.9,282.52,889.67,470.6,419.07,0.83,2025-08-22,1.159
FM000216,2022-04,P1007,Hydroxyzine,1781.16,1308.24,472.92,1847.54,1332.74,514.8,0.95,2025-08-22,1.037
FM000217,2022-04,P1008,Ibuprofen,980.84,685.79,295.05,987.91,649.83,338.08,0.98,2025-08-22,1.007
FM000218,2022-05,P1000,Minoxidil,3427.09,2464.92,962.17,3299.63,2467.47,832.16,0.95,2025-08-22,0.963
FM000219,2022-05,P1001,Finasteride,4459.98,3108.56,1351.42,4522.64,3423.06,1099.58,0.98,2025-08-22,1.014
FM000220,2022-05,P1002,Melatonin,1431.54,713.79,717.75,1638.73,753.03,885.7,0.85,2025-08-22,1.145
FM000221,2022-05,P1003,Sertraline,4641.07,2945.28,1695.79,5003.02,3123.51,1879.51,0.91,2025-08-22,1.078
FM000222,2022-05,P1004,Tretinoin,4169.58,2834.0,1335.58,3949.45,2463.2,1486.25,0.94,2025-08-22,0.947
FM000223,2022-05,P1005,Ashwagandha,1935.12,1175.4,759.72,2487.21,881.39,1605.82,0.7,2025-08-22,1.285
FM000224,2022-05,P1006,Vitamin D,912.95,574.42,338.53,920.45,552.03,368.42,0.98,2025-08-22,1.008
FM000225,2022-05,P1007,Hydroxyzine,3247.78,2398.44,849.34,3234.84,2422.63,812.21,0.99,2025-08-22,0.996
FM000226,2022-05,P1008,Ibuprofen,1111.84,780.85,330.99,1274.21,798.94,475.27,0.84,2025-08-22,1.146
FM000227,2022-06,P1000,Minoxidil,2927.54,2084.16,843.38,2605.09,2291.84,313.25,0.88,2025-08-22,0.89
FM000228,2022-06,P1001,Finasteride,2717.53,1883.07,834.46,2873.94,1959.54,914.4,0.93,2025-08-22,1.058
FM000229,2022-06,P1002,Melatonin,1400.06,693.0,707.06,1266.57,684.71,581.86,0.89,2025-08-22,0.905
FM000230,2022-06,P1003,Sertraline,5002.29,3160.04,1842.25,4868.69,3177.19,1691.5,0.96,2025-08-22,0.973
FM000231,2022-06,P1004,Tretinoin,2423.48,1635.0,788.48,2389.35,1640.29,749.06,0.98,2025-08-22,0.986
FM000232,2022-06,P1005,Ashwagandha,2003.44,1214.58,788.86,2021.23,1218.02,803.21,0.98,2025-08-22,1.009
FM000233,2022-06,P1006,Vitamin D,1259.97,790.76,469.21,1299.07,797.91,501.16,0.96,2025-08-22,1.031
FM000234,2022-06,P1007,Hydroxyzine,2439.97,1798.83,641.14,2650.51,1688.59,961.92,0.9,2025-08-22,1.086
FM000235,2022-06,P1008,Ibuprofen,984.94,692.58,292.36,952.02,701.43,250.59,0.96,2025-08-22,0.967
FM000236,2022-07,P1000,Minoxidil,3440.76,2484.96,955.8,3397.76,2517.54,880.22,0.98,2025-08-22,0.988
FM000237,2022-07,P1001,Finasteride,4850.72,3377.57,1473.15,5249.59,3248.36,2001.23,0.91,2025-08-22,1.082
FM000238,2022-07,P1002,Melatonin,1631.3,810.81,820.49,1656.39,963.08,693.31,0.97,2025-08-22,1.015
FM000239,2022-07,P1003,Sertraline,7057.85,4479.28,2578.57,7663.75,3539.36,4124.39,0.9,2025-08-22,1.086
FM000240,2022-07,P1004,Tretinoin,3756.81,2528.8,1228.01,3308.12,2514.08,794.04,0.87,2025-08-22,0.881
FM000241,2022-07,P1005,Ashwagandha,2048.82,1240.7,808.12,2332.61,1163.56,1169.05,0.85,2025-08-22,1.139
FM000242,2022-07,P1006,Vitamin D,1550.89,984.72,566.17,1611.52,984.57,626.95,0.95,2025-08-22,1.039
FM000243,2022-07,P1007,Hydroxyzine,2500.0,1835.17,664.83,2854.31,1961.48,892.83,0.85,2025-08-22,1.142
FM000244,2022-07,P1008,Ibuprofen,1300.44,909.86,390.58,1617.26,850.74,766.52,0.75,2025-08-22,1.244
FM000245,2022-08,P1000,Minoxidil,4115.91,2945.88,1170.03,3918.36,2795.35,1123.01,0.94,2025-08-22,0.952
FM000246,2022-08,P1001,Finasteride,3949.3,2749.88,1199.42,4111.5,2292.56,1818.94,0.95,2025-08-22,1.041
FM000247,2022-08,P1002,Melatonin,1696.21,845.46,850.75,1484.95,888.21,596.74,0.87,2025-08-22,0.875
FM000248,2022-08,P1003,Sertraline,6144.89,3896.36,2248.53,6128.18,4206.0,1922.18,0.99,2025-08-22,0.997
FM000249,2022-08,P1004,Tretinoin,3882.08,2637.8,1244.28,3530.5,2612.41,918.09,0.9,2025-08-22,0.909
FM000250,2022-08,P1005,Ashwagandha,2535.51,1541.08,994.43,2661.02,1601.45,1059.57,0.94,2025-08-22,1.05
FM000251,2022-08,P1006,Vitamin D,1294.54,813.14,481.4,1205.04,829.56,375.48,0.92,2025-08-22,0.931
FM000252,2022-08,P1007,Hydroxyzine,2313.96,1707.98,605.98,2414.03,1644.28,769.75,0.95,2025-08-22,1.043
FM000253,2022-08,P1008,Ibuprofen,1135.65,801.22,334.43,1288.07,781.27,506.8,0.86,2025-08-22,1.134
FM000254,2022-09,P1000,Minoxidil,2701.45,1943.88,757.57,3687.64,1974.7,1712.94,0.65,2025-08-22,1.365
FM000255,2022-09,P1001,Finasteride,5719.87,3975.37,1744.5,4988.9,4181.12,807.78,0.86,2025-08-22,0.872
FM000256,2022-09,P1002,Melatonin,1498.53,741.51,757.02,1521.8,720.91,800.89,0.97,2025-08-22,1.016
FM000257,2022-09,P1003,Sertraline,5488.49,3466.84,2021.65,5930.13,3597.56,2332.57,0.91,2025-08-22,1.08
FM000258,2022-09,P1004,Tretinoin,3121.78,2114.6,1007.18,2970.02,1861.36,1108.66,0.94,2025-08-22,0.951
FM000259,2022-09,P1005,Ashwagandha,2109.73,1279.88,829.85,2299.15,1158.59,1140.56,0.9,2025-08-22,1.09
FM000260,2022-09,P1006,Vitamin D,1369.32,865.36,503.96,1389.59,975.23,414.36,0.98,2025-08-22,1.015
FM000261,2022-09,P1007,Hydroxyzine,2614.76,1926.02,688.74,2484.18,1964.1,520.08,0.94,2025-08-22,0.95
FM000262,2022-09,P1008,Ibuprofen,1424.83,1004.92,419.91,1348.88,1084.66,264.22,0.94,2025-08-22,0.947
FM000263,2022-10,P1000,Minoxidil,2908.69,2084.16,824.53,2506.39,2113.59,392.8,0.85,2025-08-22,0.862
FM000264,2022-10,P1001,Finasteride,4895.7,3407.46,1488.24,4912.63,3089.65,1822.98,0.99,2025-08-22,1.003
FM000265,2022-10,P1002,Melatonin,1789.77,887.04,902.73,1811.67,825.38,986.29,0.98,2025-08-22,1.012
FM000266,2022-10,P1003,Sertraline,4349.91,2761.2,1588.71,5112.82,2779.43,2333.39,0.81,2025-08-22,1.175
FM000267,2022-10,P1004,Tretinoin,3538.68,2398.0,1140.68,3780.74,2295.66,1485.08,0.92,2025-08-22,1.068
FM000268,2022-10,P1005,Ashwagandha,1787.63,1083.98,703.65,1860.06,1071.4,788.66,0.95,2025-08-22,1.041
FM000269,2022-10,P1006,Vitamin D,1147.83,723.62,424.21,1315.33,694.3,621.03,0.84,2025-08-22,1.146
FM000270,2022-10,P1007,Hydroxyzine,2520.97,1853.34,667.63,2564.65,1883.19,681.46,0.97,2025-08-22,1.017
FM000271,2022-10,P1008,Ibuprofen,1173.07,821.59,351.48,1269.84,833.89,435.95,0.91,2025-08-22,1.082
FM000272,2022-11,P1000,Minoxidil,2429.67,1743.48,686.19,2769.98,1772.35,997.63,0.85,2025-08-22,1.14
FM000273,2022-11,P1001,Finasteride,4755.77,3317.79,1437.98,4216.77,3506.09,710.68,0.88,2025-08-22,0.887
FM000274,2022-11,P1002,Melatonin,1437.67,713.79,723.88,1411.54,755.68,655.86,0.97,2025-08-22,0.982
FM000275,2022-11,P1003,Sertraline,5177.72,3282.76,1894.96,4847.49,3215.76,1631.73,0.93,2025-08-22,0.936
FM000276,2022-11,P1004,Tretinoin,4230.6,2855.8,1374.8,4101.3,2419.33,1681.97,0.96,2025-08-22,0.969
FM000277,2022-11,P1005,Ashwagandha,2428.16,1475.78,952.38,1905.97,1648.65,257.32,0.77,2025-08-22,0.785
FM000278,2022-11,P1006,Vitamin D,1213.55,768.38,445.17,1309.42,744.53,564.89,0.91,2025-08-22,1.079
FM000279,2022-11,P1007,Hydroxyzine,2105.84,1544.45,561.39,2149.77,1439.64,710.13,0.97,2025-08-22,1.021
FM000280,2022-11,P1008,Ibuprofen,686.88,482.09,204.79,781.66,509.61,272.05,0.85,2025-08-22,1.138
FM000281,2022-12,P1000,Minoxidil,2206.14,1583.16,622.98,2365.57,1503.34,862.23,0.92,2025-08-22,1.072
FM000282,2022-12,P1001,Finasteride,4798.08,3347.68,1450.4,4712.05,3375.02,1337.03,0.97,2025-08-22,0.982
FM000283,2022-12,P1002,Melatonin,1290.59,637.56,653.03,1363.19,588.75,774.44,0.93,2025-08-22,1.056
FM000284,2022-12,P1003,Sertraline,5328.03,3374.8,1953.23,5896.51,3093.91,2802.6,0.88,2025-08-22,1.107
FM000285,2022-12,P1004,Tretinoin,3035.58,2049.2,986.38,2674.07,2290.52,383.55,0.87,2025-08-22,0.881
FM000286,2022-12,P1005,Ashwagandha,2033.25,1240.7,792.55,1954.11,1082.38,871.73,0.95,2025-08-22,0.961
FM000287,2022-12,P1006,Vitamin D,1145.38,723.62,421.76,1268.22,738.67,529.55,0.88,2025-08-22,1.107
FM000288,2022-12,P1007,Hydroxyzine,2347.18,1726.15,621.03,2356.29,1564.81,791.48,0.99,2025-08-22,1.004
FM000289,2022-12,P1008,Ibuprofen,1231.02,862.33,368.69,1154.41,850.19,304.22,0.93,2025-08-22,0.938
FM000290,2023-01,P1000,Minoxidil,3310.28,2364.72,945.56,3305.67,2550.94,754.73,0.99,2025-08-22,0.999
FM000291,2023-01,P1001,Finasteride,5590.7,3885.7,1705.0,6761.13,4100.03,2661.1,0.78,2025-08-22,1.209
FM000292,2023-01,P1002,Melatonin,1676.53,831.6,844.93,1900.43,866.77,1033.66,0.86,2025-08-22,1.134
FM000293,2023-01,P1003,Sertraline,7468.33,4755.4,2712.93,7951.12,4654.96,3296.16,0.93,2025-08-22,1.065
FM000294,2023-01,P1004,Tretinoin,3734.6,2528.8,1205.8,4178.9,2180.46,1998.44,0.87,2025-08-22,1.119
FM000295,2023-01,P1005,Ashwagandha,3101.44,1893.7,1207.74,3076.17,2120.41,955.76,0.98,2025-08-22,0.992
FM000296,2023-01,P1006,Vitamin D,1395.84,880.28,515.56,1521.95,807.34,714.61,0.9,2025-08-22,1.09
FM000297,2023-01,P1007,Hydroxyzine,2622.5,1926.02,696.48,2828.31,2279.21,549.1,0.91,2025-08-22,1.078
FM000298,2023-01,P1008,Ibuprofen,1149.49,808.01,341.48,1072.09,815.8,256.29,0.92,2025-08-22,0.933
FM000299,2023-02,P1000,Minoxidil,2536.58,1823.64,712.94,2766.64,1784.92,981.72,0.9,2025-08-22,1.091
FM000300,2023-02,P1001,Finasteride,3941.57,2749.88,1191.69,3487.78,2742.79,744.99,0.87,2025-08-22,0.885
FM000301,2023-02,P1002,Melatonin,1469.79,727.65,742.14,1700.72,735.65,965.07,0.83,2025-08-22,1.157
FM000302,2023-02,P1003,Sertraline,4507.58,2853.24,1654.34,5223.33,3083.25,2140.08,0.83,2025-08-22,1.159
FM000303,2023-02,P1004,Tretinoin,4241.97,2877.6,1364.37,4542.32,2928.2,1614.12,0.92,2025-08-22,1.071
FM000304,2023-02,P1005,Ashwagandha,2283.84,1384.36,899.48,2284.26,1445.4,838.86,0.99,2025-08-22,1.0
FM000305,2023-02,P1006,Vitamin D,1172.18,738.54,433.64,1211.73,806.38,405.35,0.96,2025-08-22,1.034
FM000306,2023-02,P1007,Hydroxyzine,2917.62,2144.06,773.56,3138.89,2250.42,888.47,0.91,2025-08-22,1.076
FM000307,2023-02,P1008,Ibuprofen,829.86,583.94,245.92,939.22,606.61,332.61,0.86,2025-08-22,1.132
FM000308,2023-03,P1000,Minoxidil,3526.69,2525.04,1001.65,3478.83,2501.36,977.47,0.98,2025-08-22,0.986
FM000309,2023-03,P1001,Finasteride,5623.58,3915.59,1707.99,7212.46,3730.74,3481.72,0.71,2025-08-22,1.283
FM000310,2023-03,P1002,Melatonin,1555.65,776.16,779.49,1522.25,792.39,729.86,0.97,2025-08-22,0.979
FM000311,2023-03,P1003,Sertraline,5557.31,3528.2,2029.11,5850.87,3217.59,2633.28,0.94,2025-08-22,1.053
FM000312,2023-03,P1004,Tretinoin,3713.73,2507.0,1206.73,3893.56,2646.25,1247.31,0.94,2025-08-22,1.048
FM000313,2023-03,P1005,Ashwagandha,1931.81,1175.4,756.41,1996.5,1099.82,896.68,0.96,2025-08-22,1.033
FM000314,2023-03,P1006,Vitamin D,1305.16,820.6,484.56,1282.5,819.86,462.64,0.97,2025-08-22,0.983
FM000315,2023-03,P1007,Hydroxyzine,2146.73,1580.79,565.94,2221.85,1504.78,717.07,0.96,2025-08-22,1.035
FM000316,2023-03,P1008,Ibuprofen,875.0,617.89,257.11,890.99,529.56,361.43,0.97,2025-08-22,1.018
FM000317,2023-04,P1000,Minoxidil,2489.42,1783.56,705.86,2361.63,1669.71,691.92,0.94,2025-08-22,0.949
FM000318,2023-04,P1001,Finasteride,3575.57,2480.87,1094.7,3740.58,2421.39,1319.19,0.94,2025-08-22,1.046
FM000319,2023-04,P1002,Melatonin,1359.55,672.21,687.34,1059.33,682.66,376.67,0.77,2025-08-22,0.779
FM000320,2023-04,P1003,Sertraline,4232.69,2669.16,1563.53,4894.94,2572.45,2322.49,0.83,2025-08-22,1.156
FM000321,2023-04,P1004,Tretinoin,3131.48,2114.6,1016.88,2939.44,2074.3,865.14,0.93,2025-08-22,0.939
FM000322,2023-04,P1005,Ashwagandha,1958.62,1188.46,770.16,2224.17,1264.78,959.39,0.85,2025-08-22,1.136
FM000323,2023-04,P1006,Vitamin D,1365.46,857.9,507.56,1454.01,850.17,603.84,0.93,2025-08-22,1.065
FM000324,2023-04,P1007,Hydroxyzine,2675.07,1962.36,712.71,2459.74,1985.04,474.7,0.91,2025-08-22,0.92
FM000325,2023-04,P1008,Ibuprofen,969.28,679.0,290.28,895.84,678.82,217.02,0.91,2025-08-22,0.924
FM000326,2023-05,P1000,Minoxidil,3580.86,2565.12,1015.74,3644.1,2435.21,1208.89,0.97,2025-08-22,1.018
FM000327,2023-05,P1001,Finasteride,4914.39,3407.46,1506.93,4857.84,3589.02,1268.82,0.98,2025-08-22,0.988
FM000328,2023-05,P1002,Melatonin,1480.9,734.58,746.32,1578.14,813.13,765.01,0.92,2025-08-22,1.066
FM000329,2023-05,P1003,Sertraline,5026.42,3190.72,1835.7,4960.77,2948.73,2012.04,0.98,2025-08-22,0.987
FM000330,2023-05,P1004,Tretinoin,3719.15,2507.0,1212.15,4317.2,2537.57,1779.63,0.83,2025-08-22,1.161
FM000331,2023-05,P1005,Ashwagandha,1971.0,1201.52,769.48,1623.45,1350.03,273.42,0.81,2025-08-22,0.824
FM000332,2023-05,P1006,Vitamin D,1307.5,828.06,479.44,1308.57,823.97,484.6,0.99,2025-08-22,1.001
FM000333,2023-05,P1007,Hydroxyzine,1930.57,1417.26,513.31,2057.83,1306.35,751.48,0.92,2025-08-22,1.066
FM000334,2023-05,P1008,Ibuprofen,1065.54,753.69,311.85,1128.8,794.68,334.12,0.93,2025-08-22,1.059
FM000335,2023-06,P1000,Minoxidil,2947.7,2104.2,843.5,3086.39,1683.5,1402.89,0.94,2025-08-22,1.047
FM000336,2023-06,P1001,Finasteride,3786.87,2630.32,1156.55,4063.8,2604.12,1459.68,0.92,2025-08-22,1.073
FM000337,2023-06,P1002,Melatonin,1309.74,651.42,658.32,1309.99,693.58,616.41,0.99,2025-08-22,1.0
FM000338,2023-06,P1003,Sertraline,4441.91,2822.56,1619.35,4461.04,2674.01,1787.03,0.99,2025-08-22,1.004
FM000339,2023-06,P1004,Tretinoin,3203.0,2158.2,1044.8,3534.11,2123.53,1410.58,0.89,2025-08-22,1.103
FM000340,2023-06,P1005,Ashwagandha,1819.64,1110.1,709.54,2141.23,1084.32,1056.91,0.81,2025-08-22,1.177
FM000341,2023-06,P1006,Vitamin D,906.74,574.42,332.32,921.17,529.43,391.74,0.97,2025-08-22,1.016
FM000342,2023-06,P1007,Hydroxyzine,2375.14,1744.32,630.82,2662.67,1774.05,888.62,0.87,2025-08-22,1.121
FM000343,2023-06,P1008,Ibuprofen,956.63,672.21,284.42,828.21,686.29,141.92,0.86,2025-08-22,0.866
FM000344,2023-07,P1000,Minoxidil,3424.47,2464.92,959.55,3542.89,2522.6,1020.29,0.96,2025-08-22,1.035
FM000345,2023-07,P1001,Finasteride,3426.86,2391.2,1035.66,3489.74,2617.78,871.96,0.97,2025-08-22,1.018
FM000346,2023-07,P1002,Melatonin,1720.3,852.39,867.91,1971.01,865.16,1105.85,0.84,2025-08-22,1.146
FM000347,2023-07,P1003,Sertraline,5828.04,3712.28,2115.76,6275.13,3583.79,2691.34,0.91,2025-08-22,1.077
FM000348,2023-07,P1004,Tretinoin,3034.86,2049.2,985.66,2806.85,2102.6,704.25,0.91,2025-08-22,0.925
FM000349,2023-07,P1005,Ashwagandha,2037.39,1240.7,796.69,2255.94,1349.34,906.6,0.88,2025-08-22,1.107
FM000350,2023-07,P1006,Vitamin D,1607.07,1014.56,592.51,1500.5,1073.36,427.14,0.92,2025-08-22,0.934
FM000351,2023-07,P1007,Hydroxyzine,2840.61,2089.55,751.06,2783.57,2117.13,666.44,0.97,2025-08-22,0.98
FM000352,2023-07,P1008,Ibuprofen,1160.54,814.8,345.74,1252.71,810.66,442.05,0.91,2025-08-22,1.079
FM000353,2023-08,P1000,Minoxidil,2879.45,2064.12,815.33,2965.73,1915.82,1049.91,0.96,2025-08-22,1.03
FM000354,2023-08,P1001,Finasteride,4522.28,3138.45,1383.83,4603.86,3094.39,1509.47,0.97,2025-08-22,1.018
FM000355,2023-08,P1002,Melatonin,1676.67,831.6,845.07,1948.79,913.69,1035.1,0.83,2025-08-22,1.162
FM000356,2023-08,P1003,Sertraline,4223.42,2669.16,1554.26,4200.79,2629.77,1571.02,0.98,2025-08-22,0.995
FM000357,2023-08,P1004,Tretinoin,3816.38,2572.4,1243.98,4211.1,2703.54,1507.56,0.89,2025-08-22,1.103
FM000358,2023-08,P1005,Ashwagandha,2039.44,1240.7,798.74,2234.67,1321.38,913.29,0.89,2025-08-22,1.096
FM000359,2023-08,P1006,Vitamin D,1372.04,865.36,506.68,1469.7,946.09,523.61,0.92,2025-08-22,1.071
FM000360,2023-08,P1007,Hydroxyzine,2345.91,1726.15,619.76,2671.64,1722.02,949.62,0.85,2025-08-22,1.139
FM000361,2023-08,P1008,Ibuprofen,1081.43,760.48,320.95,906.4,822.36,84.04,0.83,2025-08-22,0.838
FM000362,2023-09,P1000,Minoxidil,2763.12,1983.96,779.16,3105.45,2079.92,1025.53,0.87,2025-08-22,1.124
FM000363,2023-09,P1001,Finasteride,3050.32,2122.19,928.13,3428.01,1947.93,1480.08,0.87,2025-08-22,1.124
FM000364,2023-09,P1002,Melatonin,1670.75,831.6,839.15,1348.82,936.87,411.95,0.8,2025-08-22,0.807
FM000365,2023-09,P1003,Sertraline,6382.74,4049.76,2332.98,7190.75,3576.63,3614.12,0.86,2025-08-22,1.127
FM000366,2023-09,P1004,Tretinoin,2814.57,1896.6,917.97,2468.42,1876.35,592.07,0.87,2025-08-22,0.877
FM000367,2023-09,P1005,Ashwagandha,2408.62,1462.72,945.9,2572.32,1360.37,1211.95,0.92,2025-08-22,1.068
FM000368,2023-09,P1006,Vitamin D,1050.76,663.94,386.82,1176.96,636.5,540.46,0.87,2025-08-22,1.12
FM000369,2023-09,P1007,Hydroxyzine,2823.48,2071.38,752.1,2557.42,1956.75,600.67,0.9,2025-08-22,0.906
FM000370,2023-09,P1008,Ibuprofen,1073.44,753.69,319.75,1308.25,719.35,588.9,0.77,2025-08-22,1.219
FM000371,2023-10,P1000,Minoxidil,3710.68,2665.32,1045.36,3964.66,2890.19,1074.47,0.92,2025-08-22,1.068
FM000372,2023-10,P1001,Finasteride,3776.9,2630.32,1146.58,3845.09,2791.4,1053.69,0.97,2025-08-22,1.018
FM000373,2023-10,P1002,Melatonin,1427.8,706.86,720.94,1430.93,713.93,717.0,0.99,2025-08-22,1.002
FM000374,2023-10,P1003,Sertraline,5232.21,3313.44,1918.77,5722.93,3665.55,2057.38,0.9,2025-08-22,1.094
FM000375,2023-10,P1004,Tretinoin,2800.95,1896.6,904.35,3143.89,1804.21,1339.68,0.87,2025-08-22,1.122
FM000376,2023-10,P1005,Ashwagandha,2406.51,1462.72,943.79,2442.3,1379.84,1062.46,0.98,2025-08-22,1.015
FM000377,2023-10,P1006,Vitamin D,1464.85,925.04,539.81,1436.39,837.14,599.25,0.97,2025-08-22,0.981
FM000378,2023-10,P1007,Hydroxyzine,3160.72,2325.76,834.96,3003.59,2321.38,682.21,0.94,2025-08-22,0.95
FM000379,2023-10,P1008,Ibuprofen,1046.93,733.32,313.61,1079.89,800.77,279.12,0.96,2025-08-22,1.031
FM000380,2023-11,P1000,Minoxidil,3474.25,2505.0,969.25,3133.48,2617.12,516.36,0.89,2025-08-22,0.902
FM000381,2023-11,P1001,Finasteride,4073.96,2839.55,1234.41,4430.84,3040.76,1390.08,0.9,2025-08-22,1.088
FM000382,2023-11,P1002,Melatonin,1385.2,686.07,699.13,1384.17,654.98,729.19,0.99,2025-08-22,0.999
FM000383,2023-11,P1003,Sertraline,3915.1,2485.08,1430.02,3652.02,2666.52,985.5,0.92,2025-08-22,0.933
FM000384,2023-11,P1004,Tretinoin,3860.19,2616.0,1244.19,3636.48,2582.53,1053.95,0.93,2025-08-22,0.942
FM000385,2023-11,P1005,Ashwagandha,2248.69,1371.3,877.39,2205.13,1496.99,708.14,0.97,2025-08-22,0.981
FM000386,2023-11,P1006,Vitamin D,1159.64,731.08,428.56,1289.81,645.7,644.11,0.88,2025-08-22,1.112
FM000387,2023-11,P1007,Hydroxyzine,2843.77,2089.55,754.22,3285.95,2047.5,1238.45,0.83,2025-08-22,1.155
FM000388,2023-11,P1008,Ibuprofen,1201.58,848.75,352.83,1331.74,844.95,486.79,0.88,2025-08-22,1.108
FM000389,2023-12,P1000,Minoxidil,2545.81,1823.64,722.17,2609.97,1587.39,1022.58,0.96,2025-08-22,1.025
FM000390,2023-12,P1001,Finasteride,5034.18,3497.13,1537.05,4728.79,3806.67,922.12,0.93,2025-08-22,0.939
FM000391,2023-12,P1002,Melatonin,1252.1,616.77,635.33,1295.08,647.93,647.15,0.96,2025-08-22,1.034
FM000392,2023-12,P1003,Sertraline,4636.36,2945.28,1691.08,4885.73,2902.44,1983.29,0.94,2025-08-22,1.054
FM000393,2023-12,P1004,Tretinoin,3711.55,2507.0,1204.55,3028.14,2502.96,525.18,0.81,2025-08-22,0.816
FM000394,2023-12,P1005,Ashwagandha,1734.0,1057.86,676.14,1780.41,1133.16,647.25,0.96,2025-08-22,1.027
FM000395,2023-12,P1006,Vitamin D,1303.34,828.06,475.28,1046.33,878.36,167.97,0.79,2025-08-22,0.803
FM000396,2023-12,P1007,Hydroxyzine,2468.94,1817.0,651.94,2268.41,1584.01,684.4,0.91,2025-08-22,0.919
FM000397,2023-12,P1008,Ibuprofen,904.92,631.47,273.45,955.56,623.96,331.6,0.93,2025-08-22,1.056
FM000398,2024-01,P1000,Minoxidil,2925.65,2104.2,821.45,2844.68,2204.4,640.28,0.96,2025-08-22,0.972
FM000399,2024-01,P1001,Finasteride,5203.56,3616.69,1586.87,5220.39,3880.85,1339.54,0.99,2025-08-22,1.003
FM000400,2024-01,P1002,Melatonin,1696.78,838.53,858.25,1547.38,839.59,707.79,0.9,2025-08-22,0.912
FM000401,2024-01,P1003,Sertraline,5765.26,3650.92,2114.34,6127.97,3301.68,2826.29,0.93,2025-08-22,1.063
FM000402,2024-01,P1004,Tretinoin,3590.63,2419.8,1170.83,4355.84,2804.78,1551.06,0.78,2025-08-22,1.213
FM000403,2024-01,P1005,Ashwagandha,2299.88,1397.42,902.46,2025.92,1408.3,617.62,0.87,2025-08-22,0.881
FM000404,2024-01,P1006,Vitamin D,1147.91,723.62,424.29,1138.31,766.01,372.3,0.98,2025-08-22,0.992
FM000405,2024-01,P1007,Hydroxyzine,2735.41,2016.87,718.54,2967.53,2115.62,851.91,0.91,2025-08-22,1.085
FM000406,2024-01,P1008,Ibuprofen,1334.57,937.02,397.55,1474.69,1084.11,390.58,0.89,2025-08-22,1.105
FM000407,2024-02,P1000,Minoxidil,3274.53,2344.68,929.85,2986.48,2413.41,573.07,0.9,2025-08-22,0.912
FM000408,2024-02,P1001,Finasteride,4540.02,3168.34,1371.68,4302.35,3411.22,891.13,0.94,2025-08-22,0.948
FM000409,2024-02,P1002,Melatonin,1350.64,672.21,678.43,1529.87,777.06,752.81,0.86,2025-08-22,1.133
FM000410,2024-02,P1003,Sertraline,4678.61,2975.96,1702.65,5417.1,2589.13,2827.97,0.83,2025-08-22,1.158
FM000411,2024-02,P1004,Tretinoin,3614.94,2441.6,1173.34,4077.11,2212.47,1864.64,0.86,2025-08-22,1.128
FM000412,2024-02,P1005,Ashwagandha,2127.25,1292.94,834.31,2415.52,1322.36,1093.16,0.85,2025-08-22,1.136
FM000413,2024-02,P1006,Vitamin D,987.63,626.64,360.99,944.74,638.49,306.25,0.95,2025-08-22,0.957
FM000414,2024-02,P1007,Hydroxyzine,2812.2,2071.38,740.82,2788.89,2069.25,719.64,0.98,2025-08-22,0.992
FM000415,2024-02,P1008,Ibuprofen,1226.27,862.33,363.94,1460.24,918.88,541.36,0.8,2025-08-22,1.191
FM000416,2024-03,P1000,Minoxidil,2569.49,1843.68,725.81,3233.4,1991.32,1242.08,0.73,2025-08-22,1.258
FM000417,2024-03,P1001,Finasteride,4552.13,3168.34,1383.79,4164.84,3108.71,1056.13,0.9,2025-08-22,0.915
FM000418,2024-03,P1002,Melatonin,1579.8,783.09,796.71,1775.48,776.82,998.66,0.87,2025-08-22,1.124
FM000419,2024-03,P1003,Sertraline,5500.4,3466.84,2033.56,4589.34,3312.14,1277.2,0.82,2025-08-22,0.834
FM000420,2024-03,P1004,Tretinoin,2973.68,2005.6,968.08,3419.82,1895.35,1524.47,0.84,2025-08-22,1.15
FM000421,2024-03,P1005,Ashwagandha,2171.28,1319.06,852.22,2534.44,1368.82,1165.62,0.82,2025-08-22,1.167
FM000422,2024-03,P1006,Vitamin D,1381.24,872.82,508.42,1502.65,930.53,572.12,0.9,2025-08-22,1.088
FM000423,2024-03,P1007,Hydroxyzine,3472.52,2543.8,928.72,3111.38,2580.87,530.51,0.89,2025-08-22,0.896
FM000424,2024-03,P1008,Ibuprofen,813.55,570.36,243.19,869.31,639.76,229.55,0.92,2025-08-22,1.069
FM000425,2024-04,P1000,Minoxidil,3302.84,2364.72,938.12,2848.89,2392.49,456.4,0.85,2025-08-22,0.863
FM000426,2024-04,P1001,Finasteride,4491.59,3108.56,1383.03,4989.59,3285.14,1704.45,0.88,2025-08-22,1.111
FM000427,2024-04,P1002,Melatonin,1203.33,595.98,607.35,1159.1,640.46,518.64,0.95,2025-08-22,0.963
FM000428,2024-04,P1003,Sertraline,3140.82,1994.2,1146.62,3456.4,2286.98,1169.42,0.89,2025-08-22,1.1
FM000429,2024-04,P1004,Tretinoin,4051.63,2725.0,1326.63,3870.39,2702.06,1168.33,0.95,2025-08-22,0.955
FM000430,2024-04,P1005,Ashwagandha,2431.32,1475.78,955.54,2641.77,1554.74,1087.03,0.9,2025-08-22,1.087
FM000431,2024-04,P1006,Vitamin D,1094.83,693.78,401.05,1009.34,694.4,314.94,0.91,2025-08-22,0.922
FM000432,2024-04,P1007,Hydroxyzine,3011.73,2216.74,794.99,2862.13,2364.62,497.51,0.94,2025-08-22,0.95
FM000433,2024-04,P1008,Ibuprofen,1120.34,787.64,332.7,1209.7,792.43,417.27,0.91,2025-08-22,1.08
FM000434,2024-05,P1000,Minoxidil,3077.05,2224.44,852.61,3692.72,2361.94,1330.78,0.79,2025-08-22,1.2
FM000435,2024-05,P1001,Finasteride,3278.72,2271.64,1007.08,3537.5,2446.25,1091.25,0.91,2025-08-22,1.079
FM000436,2024-05,P1002,Melatonin,1420.14,706.86,713.28,1684.33,695.52,988.81,0.8,2025-08-22,1.186
FM000437,2024-05,P1003,Sertraline,3941.94,2485.08,1456.86,3664.57,2172.26,1492.31,0.92,2025-08-22,0.93
FM000438,2024-05,P1004,Tretinoin,2632.85,1787.6,845.25,2674.54,1528.03,1146.51,0.97,2025-08-22,1.016
FM000439,2024-05,P1005,Ashwagandha,2192.8,1332.12,860.68,2440.08,1409.5,1030.58,0.88,2025-08-22,1.113
FM000440,2024-05,P1006,Vitamin D,1253.72,790.76,462.96,1297.81,840.11,457.7,0.95,2025-08-22,1.035
FM000441,2024-05,P1007,Hydroxyzine,2742.17,2016.87,725.3,2906.03,1746.22,1159.81,0.93,2025-08-22,1.06
FM000442,2024-05,P1008,Ibuprofen,1096.58,774.06,322.52,1027.53,695.51,332.02,0.93,2025-08-22,0.937
FM000443,2024-06,P1000,Minoxidil,3266.24,2344.68,921.56,3450.34,2670.91,779.43,0.93,2025-08-22,1.056
FM000444,2024-06,P1001,Finasteride,4332.14,3018.89,1313.25,4209.56,3219.46,990.1,0.96,2025-08-22,0.972
FM000445,2024-06,P1002,Melatonin,1915.01,949.41,965.6,2107.45,914.73,1192.72,0.89,2025-08-22,1.1
FM000446,2024-06,P1003,Sertraline,5293.83,3344.12,1949.71,5400.86,3140.64,2260.22,0.97,2025-08-22,1.02
FM000447,2024-06,P1004,Tretinoin,3027.06,2049.2,977.86,3150.44,1848.31,1302.13,0.95,2025-08-22,1.041
FM000448,2024-06,P1005,Ashwagandha,2517.43,1528.02,989.41,2716.27,1385.64,1330.63,0.91,2025-08-22,1.079
FM000449,2024-06,P1006,Vitamin D,967.0,611.72,355.28,793.01,639.37,153.64,0.81,2025-08-22,0.82
FM000450,2024-06,P1007,Hydroxyzine,2418.86,1780.66,638.2,2526.95,2082.15,444.8,0.95,2025-08-22,1.045
FM000451,2024-06,P1008,Ibuprofen,980.07,692.58,287.49,945.13,749.77,195.36,0.95,2025-08-22,0.964
FM000452,2024-07,P1000,Minoxidil,3485.87,2505.0,980.87,3599.14,2151.04,1448.1,0.96,2025-08-22,1.032
FM000453,2024-07,P1001,Finasteride,4815.35,3347.68,1467.67,4579.91,3896.77,683.14,0.94,2025-08-22,0.951
FM000454,2024-07,P1002,Melatonin,1585.69,790.02,795.67,1623.83,717.21,906.62,0.97,2025-08-22,1.024
FM000455,2024-07,P1003,Sertraline,6736.44,4264.52,2471.92,8099.19,4829.75,3269.44,0.79,2025-08-22,1.202
FM000456,2024-07,P1004,Tretinoin,2717.78,1831.2,886.58,3205.02,2031.77,1173.25,0.81,2025-08-22,1.179
FM000457,2024-07,P1005,Ashwagandha,2419.16,1475.78,943.38,2740.84,1446.46,1294.38,0.86,2025-08-22,1.133
FM000458,2024-07,P1006,Vitamin D,1263.09,798.22,464.87,1162.49,909.81,252.68,0.91,2025-08-22,0.92
FM000459,2024-07,P1007,Hydroxyzine,1681.45,1235.56,445.89,1515.58,1128.45,387.13,0.89,2025-08-22,0.901
FM000460,2024-07,P1008,Ibuprofen,847.14,597.52,249.62,908.35,564.6,343.75,0.92,2025-08-22,1.072
FM000461,2024-08,P1000,Minoxidil,2651.79,1903.8,747.99,2486.51,2040.93,445.58,0.93,2025-08-22,0.938
FM000462,2024-08,P1001,Finasteride,3958.48,2749.88,1208.6,4395.95,2961.01,1434.94,0.88,2025-08-22,1.111
FM000463,2024-08,P1002,Melatonin,1603.29,796.95,806.34,1523.06,836.9,686.16,0.94,2025-08-22,0.95
FM000464,2024-08,P1003,Sertraline,4275.37,2699.84,1575.53,4428.28,2898.0,1530.28,0.95,2025-08-22,1.036
FM000465,2024-08,P1004,Tretinoin,3727.9,2507.0,1220.9,3624.27,2655.6,968.67,0.96,2025-08-22,0.972
FM000466,2024-08,P1005,Ashwagandha,2567.15,1567.2,999.95,2878.15,1538.59,1339.56,0.87,2025-08-22,1.121
FM000467,2024-08,P1006,Vitamin D,1501.6,947.42,554.18,1648.83,880.21,768.62,0.89,2025-08-22,1.098
FM000468,2024-08,P1007,Hydroxyzine,2590.43,1907.85,682.58,2362.94,1951.73,411.21,0.9,2025-08-22,0.912
FM000469,2024-08,P1008,Ibuprofen,841.59,590.73,250.86,874.13,621.45,252.68,0.95,2025-08-22,1.039
FM000470,2024-09,P1000,Minoxidil,2692.78,1923.84,768.94,2660.4,1657.13,1003.27,0.98,2025-08-22,0.988
FM000471,2024-09,P1001,Finasteride,4972.66,3467.24,1505.42,5257.37,3414.24,1843.13,0.93,2025-08-22,1.057
FM000472,2024-09,P1002,Melatonin,1497.14,741.51,755.63,1492.96,663.33,829.63,0.99,2025-08-22,0.997
FM000473,2024-09,P1003,Sertraline,4483.01,2853.24,1629.77,4497.03,2797.93,1699.1,0.99,2025-08-22,1.003
FM000474,2024-09,P1004,Tretinoin,2681.51,1809.4,872.11,2740.04,1859.5,880.54,0.97,2025-08-22,1.022
FM000475,2024-09,P1005,Ashwagandha,2583.93,1567.2,1016.73,3087.71,1605.8,1481.91,0.8,2025-08-22,1.195
FM000476,2024-09,P1006,Vitamin D,909.41,574.42,334.99,970.5,561.91,408.59,0.92,2025-08-22,1.067
FM000477,2024-09,P1007,Hydroxyzine,2553.92,1871.51,682.41,3027.58,2037.43,990.15,0.8,2025-08-22,1.185
FM000478,2024-09,P1008,Ibuprofen,1177.64,828.38,349.26,1352.52,865.57,486.95,0.84,2025-08-22,1.149
FM000479,2024-10,P1000,Minoxidil,2766.98,1983.96,783.02,3187.26,1934.74,1252.52,0.84,2025-08-22,1.152
FM000480,2024-10,P1001,Finasteride,4375.58,3048.78,1326.8,4777.17,3082.02,1695.15,0.9,2025-08-22,1.092
FM000481,2024-10,P1002,Melatonin,1462.85,727.65,735.2,1757.42,647.54,1109.88,0.79,2025-08-22,1.201
FM000482,2024-10,P1003,Sertraline,4694.37,2975.96,1718.41,4440.93,3025.6,1415.33,0.94,2025-08-22,0.946
FM000483,2024-10,P1004,Tretinoin,2945.2,2005.6,939.6,2671.81,2208.56,463.25,0.9,2025-08-22,0.907
FM000484,2024-10,P1005,Ashwagandha,2180.14,1332.12,848.02,1865.57,1428.46,437.11,0.85,2025-08-22,0.856
FM000485,2024-10,P1006,Vitamin D,1190.19,753.46,436.73,1133.0,693.71,439.29,0.94,2025-08-22,0.952
FM000486,2024-10,P1007,Hydroxyzine,2146.62,1580.79,565.83,2110.93,1706.07,404.86,0.97,2025-08-22,0.983
FM000487,2024-10,P1008,Ibuprofen,889.61,624.68,264.93,821.87,640.86,181.01,0.91,2025-08-22,0.924
FM000488,2024-11,P1000,Minoxidil,2782.59,2004.0,778.59,2412.81,2146.44,266.37,0.86,2025-08-22,0.867
FM000489,2024-11,P1001,Finasteride,5175.9,3586.8,1589.1,6276.72,3873.66,2403.06,0.78,2025-08-22,1.213
FM000490,2024-11,P1002,Melatonin,954.31,471.24,483.07,1020.99,468.7,552.29,0.92,2025-08-22,1.07
FM000491,2024-11,P1003,Sertraline,4851.54,3068.0,1783.54,4769.51,3217.99,1551.52,0.97,2025-08-22,0.983
FM000492,2024-11,P1004,Tretinoin,2934.3,1983.8,950.5,3269.85,2086.92,1182.93,0.88,2025-08-22,1.114
FM000493,2024-11,P1005,Ashwagandha,1999.19,1214.58,784.61,2040.13,1216.38,823.75,0.97,2025-08-22,1.02
FM000494,2024-11,P1006,Vitamin D,1187.65,746.0,441.65,1123.68,785.68,338.0,0.94,2025-08-22,0.946
FM000495,2024-11,P1007,Hydroxyzine,3069.57,2253.08,816.49,2990.31,2516.81,473.5,0.96,2025-08-22,0.974
FM000496,2024-11,P1008,Ibuprofen,864.86,611.1,253.76,866.4,586.84,279.56,0.99,2025-08-22,1.002
FM000497,2024-12,P1000,Minoxidil,2778.59,2004.0,774.59,2759.39,2165.41,593.98,0.98,2025-08-22,0.993
FM000498,2024-12,P1001,Finasteride,6021.33,4184.6,1836.73,4899.29,3917.07,982.22,0.8,2025-08-22,0.814
FM000499,2024-12,P1002,Melatonin,1773.82,880.11,893.71,1529.41,816.11,713.3,0.85,2025-08-22,0.862
FM000500,2024-12,P1003,Sertraline,5343.41,3374.8,1968.61,5376.06,3265.92,2110.14,0.98,2025-08-22,1.006
FM000501,2024-12,P1004,Tretinoin,3892.2,2637.8,1254.4,4094.6,2548.48,1546.12,0.94,2025-08-22,1.052
FM000502,2024-12,P1005,Ashwagandha,2917.9,1776.16,1141.74,2914.86,1924.56,990.3,0.99,2025-08-22,0.999
FM000503,2024-12,P1006,Vitamin D,1355.29,857.9,497.39,1490.36,900.7,589.66,0.89,2025-08-22,1.1
FM000504,2024-12,P1007,Hydroxyzine,2535.82,1871.51,664.31,2829.38,1853.07,976.31,0.87,2025-08-22,1.116
FM000505,2024-12,P1008,Ibuprofen,947.62,665.42,282.2,966.94,660.01,306.93,0.97,2025-08-22,1.02
FM000506,2025-01,P1000,Minoxidil,3178.86,2284.56,894.3,3066.69,2367.97,698.72,0.95,2025-08-22,0.965
FM000507,2025-01,P1001,Finasteride,4169.29,2899.33,1269.96,3816.47,2713.61,1102.86,0.91,2025-08-22,0.915
FM000508,2025-01,P1002,Melatonin,1355.17,672.21,682.96,1172.37,669.02,503.35,0.86,2025-08-22,0.865
FM000509,2025-01,P1003,Sertraline,4876.06,3098.68,1777.38,5614.17,2711.87,2902.3,0.84,2025-08-22,1.151
FM000510,2025-01,P1004,Tretinoin,3356.32,2267.2,1089.12,3665.32,2529.87,1135.45,0.9,2025-08-22,1.092
FM000511,2025-01,P1005,Ashwagandha,2241.39,1358.24,883.15,2273.34,1536.2,737.14,0.98,2025-08-22,1.014
FM000512,2025-01,P1006,Vitamin D,962.43,604.26,358.17,1112.88,640.81,472.07,0.83,2025-08-22,1.156
FM000513,2025-01,P1007,Hydroxyzine,2965.76,2180.4,785.36,3306.25,2196.85,1109.4,0.88,2025-08-22,1.115
FM000514,2025-01,P1008,Ibuprofen,994.95,699.37,295.58,1020.73,726.11,294.62,0.96,2025-08-22,1.026
FM000515,2025-02,P1000,Minoxidil,2496.45,1803.6,692.85,2646.98,1665.36,981.62,0.93,2025-08-22,1.06
FM000516,2025-02,P1001,Finasteride,5327.76,3706.36,1621.4,5871.83,3621.98,2249.85,0.89,2025-08-22,1.102
FM000517,2025-02,P1002,Melatonin,1332.76,658.35,674.41,1143.63,649.69,493.94,0.85,2025-08-22,0.858
FM000518,2025-02,P1003,Sertraline,4966.11,3160.04,1806.07,5311.63,3079.02,2232.61,0.92,2025-08-22,1.07
FM000519,2025-02,P1004,Tretinoin,2149.81,1460.6,689.21,2237.44,1309.97,927.47,0.95,2025-08-22,1.041
FM000520,2025-02,P1005,Ashwagandha,1350.54,822.78,527.76,1428.56,896.81,531.75,0.93,2025-08-22,1.058
FM000521,2025-02,P1006,Vitamin D,1300.36,820.6,479.76,1316.71,781.78,534.93,0.98,2025-08-22,1.013
FM000522,2025-02,P1007,Hydroxyzine,2444.36,1798.83,645.53,2295.55,1971.26,324.29,0.93,2025-08-22,0.939
FM000523,2025-02,P1008,Ibuprofen,1249.85,882.7,367.15,1181.56,838.52,343.04,0.94,2025-08-22,0.945
FM000524,2025-03,P1000,Minoxidil,3553.12,2545.08,1008.04,4173.25,2678.96,1494.29,0.82,2025-08-22,1.175
FM000525,2025-03,P1001,Finasteride,4741.4,3287.9,1453.5,4454.98,3217.0,1237.98,0.93,2025-08-22,0.94
FM000526,2025-03,P1002,Melatonin,1356.26,672.21,684.05,1508.78,635.56,873.22,0.88,2025-08-22,1.112
FM000527,2025-03,P1003,Sertraline,6025.64,3835.0,2190.64,6373.81,3464.24,2909.57,0.93,2025-08-22,1.058
FM000528,2025-03,P1004,Tretinoin,2772.1,1874.8,897.3,2889.2,1893.48,995.72,0.95,2025-08-22,1.042
FM000529,2025-03,P1005,Ashwagandha,2227.45,1358.24,869.21,2211.33,1511.42,699.91,0.98,2025-08-22,0.993
FM000530,2025-03,P1006,Vitamin D,1092.65,686.32,406.33,1110.0,777.94,332.06,0.97,2025-08-22,1.016
FM000531,2025-03,P1007,Hydroxyzine,2474.64,1817.0,657.64,2513.83,2032.27,481.56,0.97,2025-08-22,1.016
FM000532,2025-03,P1008,Ibuprofen,1187.32,835.17,352.15,1282.47,940.29,342.18,0.91,2025-08-22,1.08
FM000533,2025-04,P1000,Minoxidil,2801.44,2004.0,797.44,2888.31,2250.64,637.67,0.96,2025-08-22,1.031
FM000534,2025-04,P1001,Finasteride,5043.44,3497.13,1546.31,4924.99,3458.87,1466.12,0.97,2025-08-22,0.977
FM000535,2025-04,P1002,Melatonin,1537.33,762.3,775.03,1487.13,795.51,691.62,0.96,2025-08-22,0.967
FM000536,2025-04,P1003,Sertraline,4995.91,3160.04,1835.87,4933.13,3498.38,1434.75,0.98,2025-08-22,0.987
FM000537,2025-04,P1004,Tretinoin,3035.69,2049.2,986.49,3261.22,2191.9,1069.32,0.92,2025-08-22,1.074
FM000538,2025-04,P1005,Ashwagandha,1786.99,1083.98,703.01,1932.51,1062.08,870.43,0.91,2025-08-22,1.081
FM000539,2025-04,P1006,Vitamin D,1146.9,723.62,423.28,1456.65,746.69,709.96,0.72,2025-08-22,1.27
FM000540,2025-04,P1007,Hydroxyzine,2749.88,2016.87,733.01,3058.59,2228.94,829.65,0.88,2025-08-22,1.112
FM000541,2025-04,P1008,Ibuprofen,1421.1,998.13,422.97,1275.88,1068.64,207.24,0.89,2025-08-22,0.898
FM000542,2025-05,P1000,Minoxidil,1898.61,1362.72,535.89,1729.5,1493.34,236.16,0.9,2025-08-22,0.911
FM000543,2025-05,P1001,Finasteride,3487.21,2421.09,1066.12,3004.71,2567.9,436.81,0.85,2025-08-22,0.862
FM000544,2025-05,P1002,Melatonin,1218.01,602.91,615.1,1186.53,622.48,564.05,0.96,2025-08-22,0.974
FM000545,2025-05,P1003,Sertraline,4630.38,2945.28,1685.1,5229.15,3210.33,2018.82,0.86,2025-08-22,1.129
FM000546,2025-05,P1004,Tretinoin,3722.77,2528.8,1193.97,4202.13,2549.2,1652.93,0.86,2025-08-22,1.129
FM000547,2025-05,P1005,Ashwagandha,2260.56,1371.3,889.26,2389.09,1421.04,968.05,0.93,2025-08-22,1.057
FM000548,2025-05,P1006,Vitamin D,1238.67,783.3,455.37,1301.61,990.68,310.93,0.94,2025-08-22,1.051
FM000549,2025-05,P1007,Hydroxyzine,2125.43,1562.62,562.81,2325.18,1597.37,727.81,0.9,2025-08-22,1.094
FM000550,2025-05,P1008,Ibuprofen,827.3,583.94,243.36,890.38,668.61,221.77,0.91,2025-08-22,1.076
FM000551,2025-06,P1000,Minoxidil,2529.65,1803.6,726.05,2498.64,1813.26,685.38,0.98,2025-08-22,0.988
FM000552,2025-06,P1001,Finasteride,4695.99,3258.01,1437.98,4582.04,3226.45,1355.59,0.97,2025-08-22,0.976
FM000553,2025-06,P1002,Melatonin,1520.3,755.37,764.93,1515.14,840.21,674.93,0.99,2025-08-22,0.997
FM000554,2025-06,P1003,Sertraline,3854.05,2454.4,1399.65,3616.01,2568.49,1047.52,0.93,2025-08-22,0.938
FM000555,2025-06,P1004,Tretinoin,3570.5,2419.8,1150.7,3189.53,2205.29,984.24,0.88,2025-08-22,0.893
FM000556,2025-06,P1005,Ashwagandha,1483.94,901.14,582.8,1390.37,816.99,573.38,0.93,2025-08-22,0.937
FM000557,2025-06,P1006,Vitamin D,1294.63,820.6,474.03,1494.47,676.28,818.19,0.84,2025-08-22,1.154
FM000558,2025-06,P1007,Hydroxyzine,2627.29,1944.19,683.1,2305.51,1901.33,404.18,0.87,2025-08-22,0.878
FM000559,2025-06,P1008,Ibuprofen,1009.05,706.16,302.89,947.33,669.65,277.68,0.93,2025-08-22,0.939
FM000560,2025-07,P1000,Minoxidil,2801.91,2004.0,797.91,3232.15,1828.45,1403.7,0.84,2025-08-22,1.154
FM000561,2025-07,P1001,Finasteride,4637.51,3228.12,1409.39,5224.99,2988.17,2236.82,0.86,2025-08-22,1.127
FM000562,2025-07,P1002,Melatonin,1541.99,762.3,779.69,1611.14,686.89,924.25,0.95,2025-08-22,1.045
FM000563,2025-07,P1003,Sertraline,4893.41,3098.68,1794.73,5292.44,3163.99,2128.45,0.91,2025-08-22,1.082
FM000564,2025-07,P1004,Tretinoin,2838.12,1918.4,919.72,3255.46,2052.84,1202.62,0.84,2025-08-22,1.147
FM000565,2025-07,P1005,Ashwagandha,2151.0,1306.0,845.0,2424.35,1363.37,1060.98,0.86,2025-08-22,1.127
FM000566,2025-07,P1006,Vitamin D,1326.24,835.52,490.72,1395.94,953.88,442.06,0.94,2025-08-22,1.053
FM000567,2025-07,P1007,Hydroxyzine,2180.77,1598.96,581.81,2436.1,1284.55,1151.55,0.87,2025-08-22,1.117
FM000568,2025-07,P1008,Ibuprofen,1051.2,740.11,311.09,1048.74,797.58,251.16,0.99,2025-08-22,0.998
FM000569,2025-08,P1000,Minoxidil,2541.31,1823.64,717.67,2764.21,1785.39,978.82,0.9,2025-08-22,1.088
FM000570,2025-08,P1001,Finasteride,1842.4,1285.27,557.13,2239.09,1382.92,856.17,0.77,2025-08-22,1.215
FM000571,2025-08,P1002,Melatonin,963.43,478.17,485.26,914.53,486.36,428.17,0.94,2025-08-22,0.949
FM000572,2025-08,P1003,Sertraline,3673.86,2331.68,1342.18,3495.64,2587.74,907.9,0.94,2025-08-22,0.951
FM000573,2025-08,P1004,Tretinoin,2508.06,1700.4,807.66,2405.88,1828.49,577.39,0.95,2025-08-22,0.959
FM000574,2025-08,P1005,Ashwagandha,1631.56,992.56,639.0,1861.89,949.25,912.64,0.85,2025-08-22,1.141
FM000575,2025-08,P1006,Vitamin D,956.0,604.26,351.74,935.53,617.43,318.1,0.97,2025-08-22,0.979
FM000576,2025-08,P1007,Hydroxyzine,1808.56,1326.41,482.15,1811.02,1285.3,525.72,0.99,2025-08-22,1.001
FM000577,2025-08,P1008,Ibuprofen,597.84,420.98,176.86,605.91,434.91,171.0,0.98,2025-08-22,1.014
